HEY"HEY,CSV"
"THIS, IS, IMAN""HEY,CSV"
"THIS, IS, IMAN""HEY,CSV"
"THIS, IS, IMAN""HEY,CSV"
"THIS, IS, IMAN""HEY,CSV"
"THIS, IS, IMAN""HEY,CSV"
"THIS, IS, IMAN""HEY,CSV"
"THIS, IS, IMAN""HEY,CSV"
"THIS, IS, IMAN""HEY,CSV"
"THIS, IS, IMAN""HEY,CSV"
"THIS, IS, IMAN""HEY,CSV"
"THIS, IS, IMAN""HEY,CSV"
"THIS, IS, IMAN""HEY,CSV"
"THIS, IS, IMAN""HEY,CSV"
"THIS, IS, IMAN""HEY,CSV"
"THIS, IS, IMAN""HEY,CSV"
"THIS, IS, IMAN""HEY,CSV"
"THIS, IS, IMAN""HEY,CSV"
"THIS, IS, IMAN""HEY,CSV"
"THIS, IS, IMAN""HEY,CSV"
"THIS, IS, IMAN""HEY,CSV"
"THIS, IS, IMAN""HEY,CSV"
"THIS, IS, IMAN""HEY,CSV"
"THIS, IS, IMAN""HEY,CSV"
"THIS, IS, IMAN""HEY,CSV"
"THIS, IS, IMAN""HEY,CSV"
"THIS, IS, IMAN""HEY,CSV"
"THIS, IS, IMAN""HEY,CSV"
"THIS, IS, IMAN""HEY,CSV"
"THIS, IS, IMAN""HEY,CSV"
"THIS, IS, IMAN""HEY,CSV"
"THIS, IS, IMAN""HEY,CSV"
"THIS, IS, IMAN""HEY,CSV"
"THIS, IS, IMAN""HEY,CSV"
"THIS, IS, IMAN""HEY,CSV"
"THIS, IS, IMAN""HEY,CSV"
"THIS, IS, IMAN""HEY,CSV"
"THIS, IS, IMAN""HEY,CSV"
"THIS, IS, IMAN""HEY,CSV"
"THIS, IS, IMAN""HEY,CSV"
"THIS, IS, IMAN""HEY,CSV"
"THIS, IS, IMAN""HEY,CSV"
"THIS, IS, IMAN""HEY,CSV"
"THIS, IS, IMAN""HEY,CSV"
"THIS, IS, IMAN""HEY,CSV"
"THIS, IS, IMAN""HEY,CSV"
"THIS, IS, IMAN""HEY,CSV"
"THIS, IS, IMAN""HEY,CSV"
"THIS, IS, IMAN""HEY,CSV"
"THIS, IS, IMAN""HEY,CSV"
"THIS, IS, IMAN""HEY,CSV"
"THIS, IS, IMAN""HEY,CSV"
"THIS, IS, IMAN""HEY,CSV"
"THIS, IS, IMAN""HEY,CSV"
"THIS, IS, IMAN""HEY,CSV"
"THIS, IS, IMAN""HEY,CSV"
"THIS, IS, IMAN""HEY,CSV"
"THIS, IS, IMAN""HEY,CSV"
"THIS, IS, IMAN""HEY,CSV"
"THIS, IS, IMAN""HEY,CSV"
"THIS, IS, IMAN""HEY,CSV"
"THIS, IS, IMAN""HEY,CSV"
"THIS, IS, IMAN""HEY,CSV"
"THIS, IS, IMAN""HEY,CSV"
"THIS, IS, IMAN""HEY,CSV"
"THIS, IS, IMAN""HEY,CSV"
"THIS, IS, IMAN""HEY,CSV"
"THIS, IS, IMAN""HEY,CSV"
"THIS, IS, IMAN""HEY,CSV"
"THIS, IS, IMAN""HEY,CSV"
"THIS, IS, IMAN""HEY,CSV"
"THIS, IS, IMAN""HEY,CSV"
"THIS, IS, IMAN""HEY,CSV"
"THIS, IS, IMAN""HEY,CSV"
"THIS, IS, IMAN""HEY,CSV"
"THIS, IS, IMAN""HEY,CSV"
"THIS, IS, IMAN""HEY,CSV"
"THIS, IS, IMAN""HEY,CSV"
"THIS, IS, IMAN""HEY,CSV"
"THIS, IS, IMAN""HEY,CSV"
"THIS, IS, IMAN""HEY,CSV"
"THIS, IS, IMAN""HEY,CSV"
"THIS, IS, IMAN""HEY,CSV"
"THIS, IS, IMAN""HEY,CSV"
"THIS, IS, IMAN""HEY,CSV"
"THIS, IS, IMAN""HEY,CSV"
"THIS, IS, IMAN""HEY,CSV"
"THIS, IS, IMAN""HEY,CSV"
"THIS, IS, IMAN""HEY,CSV"
"THIS, IS, IMAN""HEY,CSV"
"THIS, IS, IMAN""HEY,CSV"
"THIS, IS, IMAN""HEY,CSV"
"THIS, IS, IMAN""HEY,CSV"
"THIS, IS, IMAN""HEY,CSV"
"THIS, IS, IMAN""HEY,CSV"
"THIS, IS, IMAN""HEY,CSV"
"THIS, IS, IMAN""HEY,CSV"
"THIS, IS, IMAN""HEY,CSV"
"THIS, IS, IMAN""HEY,CSV"
"THIS, IS, IMAN""HEY,CSV"
"THIS, IS, IMAN""HEY,CSV"
"THIS, IS, IMAN""HEY,CSV"
"THIS, IS, IMAN""HEY,CSV"
"THIS, IS, IMAN""HEY,CSV"
"THIS, IS, IMAN""HEY,CSV"
"THIS, IS, IMAN""HEY,CSV"
"THIS, IS, IMAN""HEY,CSV"
"THIS, IS, IMAN""HEY,CSV"
"THIS, IS, IMAN""HEY,CSV"
"THIS, IS, IMAN""HEY,CSV"
"THIS, IS, IMAN""HEY,CSV"
"THIS, IS, IMAN"